Time,SLat,SLan,DLat,DLan,Alt,Dist,TranMode
2019-07-07 18:42:13,18.575865,73.8930827,18.5529226,73.879711,0.0,4.7,
